filename,original_path,standardized_name,rows,columns,column_names,label_column,fraud_rate,dataset_type,source_archive
Base.csv,d:\Canwe\archive (10)\Base.csv,archive_10_base.csv,1000000,32,fraud_bool|income|name_email_similarity|prev_address_months_count|current_address_months_count|customer_age|days_since_request|intended_balcon_amount|payment_type|zip_count_4w|velocity_6h|velocity_24h|velocity_4w|bank_branch_count_8w|date_of_birth_distinct_emails_4w|employment_status|credit_risk_score|email_is_free|housing_status|phone_home_valid|phone_mobile_valid|bank_months_count|has_other_cards|proposed_credit_limit|foreign_request|source|session_length_in_minutes|device_os|keep_alive_session|device_distinct_emails_8w|device_fraud_count|month,fraud_bool,0.011029,transactional,archive (10)
Variant I.csv,d:\Canwe\archive (10)\Variant I.csv,archive_10_variant_i.csv,1000000,32,fraud_bool|income|name_email_similarity|prev_address_months_count|current_address_months_count|customer_age|days_since_request|intended_balcon_amount|payment_type|zip_count_4w|velocity_6h|velocity_24h|velocity_4w|bank_branch_count_8w|date_of_birth_distinct_emails_4w|employment_status|credit_risk_score|email_is_free|housing_status|phone_home_valid|phone_mobile_valid|bank_months_count|has_other_cards|proposed_credit_limit|foreign_request|source|session_length_in_minutes|device_os|keep_alive_session|device_distinct_emails_8w|device_fraud_count|month,fraud_bool,0.011029,transactional,archive (10)
Variant II.csv,d:\Canwe\archive (10)\Variant II.csv,archive_10_variant_ii.csv,1000000,32,fraud_bool|income|name_email_similarity|prev_address_months_count|current_address_months_count|customer_age|days_since_request|intended_balcon_amount|payment_type|zip_count_4w|velocity_6h|velocity_24h|velocity_4w|bank_branch_count_8w|date_of_birth_distinct_emails_4w|employment_status|credit_risk_score|email_is_free|housing_status|phone_home_valid|phone_mobile_valid|bank_months_count|has_other_cards|proposed_credit_limit|foreign_request|source|session_length_in_minutes|device_os|keep_alive_session|device_distinct_emails_8w|device_fraud_count|month,fraud_bool,0.011029,transactional,archive (10)
Variant III.csv,d:\Canwe\archive (10)\Variant III.csv,archive_10_variant_iii.csv,1000000,34,fraud_bool|income|name_email_similarity|prev_address_months_count|current_address_months_count|customer_age|days_since_request|intended_balcon_amount|payment_type|zip_count_4w|velocity_6h|velocity_24h|velocity_4w|bank_branch_count_8w|date_of_birth_distinct_emails_4w|employment_status|credit_risk_score|email_is_free|housing_status|phone_home_valid|phone_mobile_valid|bank_months_count|has_other_cards|proposed_credit_limit|foreign_request|source|session_length_in_minutes|device_os|keep_alive_session|device_distinct_emails_8w|device_fraud_count|month|x1|x2,fraud_bool,0.01103,transactional,archive (10)
Variant IV.csv,d:\Canwe\archive (10)\Variant IV.csv,archive_10_variant_iv.csv,1000000,32,fraud_bool|income|name_email_similarity|prev_address_months_count|current_address_months_count|customer_age|days_since_request|intended_balcon_amount|payment_type|zip_count_4w|velocity_6h|velocity_24h|velocity_4w|bank_branch_count_8w|date_of_birth_distinct_emails_4w|employment_status|credit_risk_score|email_is_free|housing_status|phone_home_valid|phone_mobile_valid|bank_months_count|has_other_cards|proposed_credit_limit|foreign_request|source|session_length_in_minutes|device_os|keep_alive_session|device_distinct_emails_8w|device_fraud_count|month,fraud_bool,0.01103,transactional,archive (10)
Variant V.csv,d:\Canwe\archive (10)\Variant V.csv,archive_10_variant_v.csv,1000000,34,fraud_bool|income|name_email_similarity|prev_address_months_count|current_address_months_count|customer_age|days_since_request|intended_balcon_amount|payment_type|zip_count_4w|velocity_6h|velocity_24h|velocity_4w|bank_branch_count_8w|date_of_birth_distinct_emails_4w|employment_status|credit_risk_score|email_is_free|housing_status|phone_home_valid|phone_mobile_valid|bank_months_count|has_other_cards|proposed_credit_limit|foreign_request|source|session_length_in_minutes|device_os|keep_alive_session|device_distinct_emails_8w|device_fraud_count|month|x1|x2,fraud_bool,0.01103,transactional,archive (10)
creditcard.csv,d:\Canwe\archive (7)\creditcard.csv,archive_7_creditcard.csv,284807,31,Time|V1|V2|V3|V4|V5|V6|V7|V8|V9|V10|V11|V12|V13|V14|V15|V16|V17|V18|V19|V20|V21|V22|V23|V24|V25|V26|V27|V28|Amount|Class,Class,0.001727,sequential,archive (7)
fraudTest.csv,d:\Canwe\archive (8)\fraudTest.csv,archive_8_fraudtest.csv,555719,23,Unnamed: 0|trans_date_trans_time|cc_num|merchant|category|amt|first|last|gender|street|city|state|zip|lat|long|city_pop|job|dob|trans_num|unix_time|merch_lat|merch_long|is_fraud,is_fraud,0.00386,transactional,archive (8)
fraudTrain.csv,d:\Canwe\archive (8)\fraudTrain.csv,archive_8_fraudtrain.csv,1296675,23,Unnamed: 0|trans_date_trans_time|cc_num|merchant|category|amt|first|last|gender|street|city|state|zip|lat|long|city_pop|job|dob|trans_num|unix_time|merch_lat|merch_long|is_fraud,is_fraud,0.005789,transactional,archive (8)
PS_20174392719_1491204439457_log.csv,d:\Canwe\archive (9)\PS_20174392719_1491204439457_log.csv,archive_9_ps_20174392719_1491204439457_log.csv,6362620,11,step|type|amount|nameOrig|oldbalanceOrg|newbalanceOrig|nameDest|oldbalanceDest|newbalanceDest|isFraud|isFlaggedFraud,isFraud,0.001291,transactional,archive (9)
credit_risk_dataset.csv,d:\examples\credit_risk_dataset.csv,credit_risk_dataset.csv,32581,12,person_age|person_income|person_home_ownership|person_emp_length|loan_intent|loan_grade|loan_amnt|loan_int_rate|loan_status|loan_percent_income|cb_person_default_on_file|cb_person_cred_hist_length,loan_status,0.218164,tabular,examples
