trial_name,optimal_threshold,pr_auc,roc_auc,opt_f1,opt_precision,opt_recall,opt_fp,opt_tp,default_f1,default_precision,default_fp
Base_Aug_RF_NE150_MD15_CWbalanced,0.9699999999999999,0.30013754241001894,0.9500537726353968,0.41442786069651744,0.44426666666666664,0.3883449883449883,1042,833,0.19690307780539093,0.11403897254207263,12003
Base_Aug_RF_NE150_MD20_CWbalanced,0.9699999999999999,0.2833100268115654,0.941875387285215,0.3865276663993585,0.45300751879699247,0.33706293706293705,873,723,0.21773664650586608,0.1290378303679392,10084
Base_Aug_RF_NE200_MD15_CWbalanced,0.9699999999999999,0.2994512393423678,0.9499738352068845,0.41391304347826086,0.4430851063829787,0.3883449883449883,1047,833,0.19696969696969696,0.11406031114060311,12016
Base_Aug_RF_NE200_MD20_CWbalanced,0.9699999999999999,0.2823563144093229,0.941970478203755,0.3853161843515541,0.4530560806553245,0.3351981351981352,868,719,0.21575565022745324,0.12764866712235134,10210
Base_Aug_RF_NE300_MD15_CWbalanced,0.9699999999999999,0.3008630226768012,0.9499070995517721,0.41331346249379036,0.44231791600212655,0.3878787878787879,1049,832,0.19604362160791275,0.11345123651574081,12081
Base_Aug_RF_NE300_MD20_CWbalanced,0.9699999999999999,0.28281138559363644,0.9420687798751074,0.38350294590251743,0.4505978602894902,0.3337995337995338,873,716,0.21651429400667538,0.12821173842055514,10145
Base_Aug_XGB_NE150_MD4_LR0.1_SPW19,0.9499999999999998,0.2836389434859244,0.9512518302027925,0.38728663919952916,0.33434959349593496,0.46013986013986014,1965,987,0.15731894460670265,0.08800398759415153,16467
Base_Aug_XGB_NE150_MD4_LR0.1_SPW50,0.9499999999999998,0.28627428928696763,0.9511184826907748,0.33751085742647974,0.22996280013527223,0.634032634032634,4554,1360,0.05356863303209279,0.027627715795654727,66238
Base_Aug_XGB_NE150_MD8_LR0.1_SPW19,0.9499999999999998,0.2857660248726817,0.9510616715252409,0.38728663919952916,0.33434959349593496,0.46013986013986014,1965,987,0.15731894460670265,0.08800398759415153,16467
Base_Aug_XGB_NE150_MD8_LR0.1_SPW50,0.9499999999999998,0.28575812914827126,0.950988667217392,0.33751085742647974,0.22996280013527223,0.634032634032634,4554,1360,0.05356863303209279,0.027627715795654727,66238
Pruned_Aug_RF_NE150_MD15_CWbalanced,0.9699999999999999,0.29625861002331433,0.9480986094488533,0.41135107985936714,0.4458356015242243,0.38181818181818183,1018,819,0.20082100736300254,0.11672473867595819,11661
Pruned_Aug_RF_NE150_MD20_CWbalanced,0.9699999999999999,0.2771126663117054,0.9393999688719092,0.37749248839114996,0.4558047493403694,0.32214452214452216,825,691,0.22419147163523442,0.13383975402423584,9578
Pruned_Aug_RF_NE200_MD15_CWbalanced,0.9699999999999999,0.29406076007617826,0.9480447580710598,0.4084400904295403,0.44281045751633985,0.37902097902097903,1023,813,0.2006771715067066,0.11662756376296073,11672
Pruned_Aug_RF_NE200_MD20_CWbalanced,0.9699999999999999,0.2751249586055666,0.9394476476037388,0.3748627881448957,0.45563709139426284,0.3184149184149184,816,683,0.22217194570135745,0.13252361673414306,9642
Pruned_Aug_RF_NE300_MD15_CWbalanced,0.9699999999999999,0.2963685103264228,0.9479224631281988,0.40904522613065325,0.4435967302452316,0.37948717948717947,1021,814,0.20038986354775828,0.11642129105322763,11703
Pruned_Aug_RF_NE300_MD20_CWbalanced,0.9699999999999999,0.27672614979134547,0.9395936288490853,0.374108612177729,0.45436375749500335,0.31794871794871793,819,682,0.22289521502119927,0.13305613305613306,9591
Pruned_Aug_XGB_NE150_MD4_LR0.1_SPW19,0.9499999999999998,0.2864122417347577,0.951356532325653,0.38728663919952916,0.33434959349593496,0.46013986013986014,1965,987,0.15731894460670265,0.08800398759415153,16467
Pruned_Aug_XGB_NE150_MD4_LR0.1_SPW50,0.9499999999999998,0.2863365621082217,0.951483593920558,0.33751085742647974,0.22996280013527223,0.634032634032634,4554,1360,0.05356863303209279,0.027627715795654727,66238
Pruned_Aug_XGB_NE150_MD8_LR0.1_SPW19,0.9699999999999999,0.285762463436413,0.9509811567928459,0.38228941684665224,0.4541372674791533,0.3300699300699301,851,708,0.15731894460670265,0.08800398759415153,16467
Pruned_Aug_XGB_NE150_MD8_LR0.1_SPW50,0.9499999999999998,0.28576043314527827,0.9510044481201001,0.33751085742647974,0.22996280013527223,0.634032634032634,4554,1360,0.05356863303209279,0.027627715795654727,66238
