injected_synthetic_rows,f1_score,pr_auc
0,0.20171509023422501,0.3874610225410002
2916,0.19209456963428148,0.3943614129566753
5833,0.20979214142669705,0.38793050690614284
11667,0.2574022227878171,0.43904193026413507
17501,0.22507321154650675,0.4510080971207952
23335,0.2686358472428559,0.4620350266364504
29169,0.25849444672974087,0.48591651310285083
35002,0.2695141130701101,0.5089375671668187
43753,0.23688265942613929,0.46665925038054845
52504,0.2636598771419334,0.5116841869002393
58338,0.2605935565783209,0.515458680150671
